,A,gsw,Vcmax,Jmax,Ci.transition
A,1,0.179812549,0.395020846,0.409124399,-0.146353058
gsw,0.179812549,1,0.194342717,0.214675609,-0.123835508
Vcmax,0.395020846,0.194342717,1,0.844152541,-0.523086463
Jmax,0.409124399,0.214675609,0.844152541,1,-0.181615105
Ci.transition,-0.146353058,-0.123835508,-0.523086463,-0.181615105,1